<!-- Was generated by RESTPluginWizard -->
<editor>
<help>/commander/pages/EC-ISPW-2.0.0.8/help?s=Administration&amp;ss=Plugins#CreateAssignment</help>
<formElement>
  <documentation>Previously defined plugin configuration.</documentation>
  <label>Configuration name:</label>
  <property>config</property>
  <propertyReference>/plugins/EC-ISPW-2.0.0.8/project/ec_plugin_cfgs</propertyReference>
  <required>1</required>
  <type>entry</type>
</formElement>
<formElement>
  <documentation>Stream name.</documentation>
  <label>Stream Name:</label>
  <property>stream</property>
  <required>1</required>
  <type>entry</type>
  <value></value>
</formElement>
<formElement>
  <documentation>ISPW Application Id.</documentation>
  <label>Application ID:</label>
  <property>application</property>
  <required>1</required>
  <type>entry</type>
  <value></value>
</formElement>
<formElement>
  <documentation>Default Path.</documentation>
  <label>Default Path:</label>
  <property>defaultPath</property>
  <required>1</required>
  <type>entry</type>
  <value></value>
</formElement>
<formElement>
  <documentation>Assignment Description.</documentation>
  <label>Description:</label>
  <property>description</property>
  <required>1</required>
  <type>entry</type>
  <value></value>
</formElement>
<formElement>
  <documentation>Owner.</documentation>
  <label>Owner:</label>
  <property>_owner</property>
  <required>1</required>
  <type>entry</type>
  <value></value>
</formElement>
<formElement>
  <documentation>Assignment Prefix.</documentation>
  <label>Assignment Prefix:</label>
  <property>assignmentPrefix</property>
  <required>1</required>
  <type>entry</type>
  <value></value>
</formElement>
<formElement>
  <documentation>Reference Number.</documentation>
  <label>Reference Number:</label>
  <property>referenceNumber</property>
  <required>0</required>
  <type>entry</type>
  <value></value>
</formElement>
<formElement>
  <documentation>Release Id.</documentation>
  <label>Release Id:</label>
  <property>releaseId</property>
  <required>0</required>
  <type>entry</type>
  <value></value>
</formElement>
<formElement>
  <documentation>User Tag.</documentation>
  <label>User Tag:</label>
  <property>userTag</property>
  <required>0</required>
  <type>entry</type>
  <value></value>
</formElement>
<formElement>
  <documentation>Results will be saved into this property/property sheet.</documentation>
  <label>Property sheet name for results:</label>
  <property>resultPropertySheet</property>
  <required>1</required>
  <type>entry</type>
  <value>/myJob/createAssignment</value>
</formElement>
<formElement>
  <documentation>Format to save request results.</documentation>
  <label>Result format:</label>
  <option>
    <name>json</name>
    <value>json</value>
  </option>
  <option>
    <name>propertySheet</name>
    <value>propertySheet</value>
  </option>
  <property>resultFormat</property>
  <required>1</required>
  <type>select</type>
</formElement>

</editor>