<!--

     Copyright 2016 Electric Cloud, Inc.

     Licensed under the Apache License, Version 2.0 (the "License");
     you may not use this file except in compliance with the License.
     You may obtain a copy of the License at

         http://www.apache.org/licenses/LICENSE-2.0

     Unless required by applicable law or agreed to in writing, software
     distributed under the License is distributed on an "AS IS" BASIS,
     WITHOUT WARRANTIES OR CONDITIONS OF ANY KIND, either express or implied.
     See the License for the specific language governing permissions and
     limitations under the License.

-->
<editor>
    <formElement>
        <type>entry</type>
        <label>Configuration:</label>
        <property>config</property>
        <required>1</required>
        <documentation>Unique name for the plugin configuration.</documentation>
    </formElement>
    <formElement>
        <type>entry</type>
        <label>Description:</label>
        <property>desc</property>
        <required>0</required>
        <documentation>Description for the plugin configuration.</documentation>
    </formElement>
    <formElement>
        <type>entry</type>
        <label>ISPW Instance URL:</label>
        <property>instance</property>
        <required>1</required>
        <value>http://[server]:[port]</value>
        <documentation>ISPW Instance URL. This should match the http://[server]:[port] (with no trailing slash) portion of the URL of your ISPW server's Compuware Enterprise Services (CES) web interface http://[server]:[port]/compuware/compuware.jsp</documentation>
    </formElement>
    <formElement>
        <type>entry</type>
        <label>ISPW Instance SRID</label>
        <property>srid</property>
        <required>1</required>
        <value>ISPW</value>
        <documentation>The SRID ("SeRver IDentifier") is a 4-character value that specifies which ISPW server instance you want to connect to. It is required even if you only have one ISPW server instance. Consult the administrator of your ISPW server for this value. (The SRID's default value is 'ISPW'.)</documentation>
    </formElement>
    <formElement>
        <type>credential</type>
        <label>Access Token:</label>
        <property>credential</property>
        <required>1</required>
        <attachedAsParameterToStep>createAndAttachCredential</attachedAsParameterToStep>
        <userNameLabel>ISPW User Name:</userNameLabel>
        <passwordLabel>CES Personal Access Token:</passwordLabel>
        <retypePasswordLabel>Retype CES Personal Access Token:</retypePasswordLabel>
        <documentation>The CES Personal Access Token can be obtained from the ISPW server's Compuware Enterprise Services (CES) web interface http://[server]:[port]/compuware/jsp/settings/security.jsp under the tab "Personal Access Tokens". Its value is a hex-encoded guid. (The ISPW User Name field is currently unused, but cannot be left blank.)</documentation>
    </formElement>
</editor>