<!-- Was generated by RESTPluginWizard -->
<editor>
<help>/commander/pages/MyPlugin-1.0.0/help?s=Administration&amp;ss=Plugins#GenerateTasksinAssignment</help>
<formElement>
  <documentation>Previously defined plugin configuration.</documentation>
  <label>Configuration name:</label>
  <property>config</property>
  <propertyReference>/plugins/MyPlugin-1.0.0/project/ec_plugin_cfgs</propertyReference>
  <required>1</required>
  <type>entry</type>
</formElement>
<formElement>
  <documentation>ISPW Instance Id.</documentation>
  <label>Srid:</label>
  <property>srid</property>
  <required>1</required>
  <type>entry</type>
  <value></value>
</formElement>
<formElement>
  <documentation>Required see ISPW administrator for valid values.</documentation>
  <label>Runtime Configuration:</label>
  <property>runtimeConfiguration&quot;:</property>
  <required>1</required>
  <type>entry</type>
  <value></value>
</formElement>
<formElement>
  <documentation>Optional global custom headers used for all callbacks.</documentation>
  <label>Optional global custom headers used for all callbacks:</label>
  <property>httpHeaders</property>
  <required>1</required>
  <type>entry</type>
  <value></value>
</formElement>
<formElement>
  <documentation>Optional, global credentials used for all callbacks.</documentation>
  <label>Optional, global credentials used for all callbacks:</label>
  <property>credentials</property>
  <required>1</required>
  <type>entry</type>
  <value></value>
</formElement>
<formElement>
  <documentation>Event array, must contain at least 1 member.</documentation>
  <label>Event array, must contain at least 1 member:</label>
  <property>events</property>
  <required>1</required>
  <type>entry</type>
  <value></value>
</formElement>
<formElement>
  <documentation>Results will be saved into this property/property sheet.</documentation>
  <label>Property sheet name for results:</label>
  <property>resultPropertySheet</property>
  <required>1</required>
  <type>entry</type>
  <value>/myJob/generateAssignmentTasks</value>
</formElement>
<formElement>
  <documentation>Format to save request results.</documentation>
  <label>Result format:</label>
  <option>
    <name>json</name>
    <value>json</value>
  </option>
  <option>
    <name>propertySheet</name>
    <value>propertySheet</value>
  </option>
  <property>resultFormat</property>
  <required>1</required>
  <type>select</type>
</formElement>

</editor>