<!-- Was generated by RESTPluginWizard -->
<editor>
<help>/commander/pages/MyPlugin-1.0.0/help?s=Administration&amp;ss=Plugins#LoadTask</help>
<formElement>
  <documentation>Previously defined plugin configuration.</documentation>
  <label>Configuration name:</label>
  <property>config</property>
  <propertyReference>/plugins/MyPlugin-1.0.0/project/ec_plugin_cfgs</propertyReference>
  <required>1</required>
  <type>entry</type>
</formElement>
<formElement>
  <documentation>ISPW Instance Id.</documentation>
  <label>Srid:</label>
  <property>srid</property>
  <required>1</required>
  <type>entry</type>
  <value></value>
</formElement>
<formElement>
  <documentation>Assignment Id.</documentation>
  <label>AssignmentId:</label>
  <property>assignmentId</property>
  <required>1</required>
  <type>entry</type>
  <value></value>
</formElement>
<formElement>
  <documentation>ISPW Stream Name.</documentation>
  <label>Stream Name:</label>
  <property>stream</property>
  <required>1</required>
  <type>entry</type>
  <value></value>
</formElement>
<formElement>
  <documentation>ISPW Application Id.</documentation>
  <label>Application Id:</label>
  <property>application</property>
  <required>1</required>
  <type>entry</type>
  <value></value>
</formElement>
<formElement>
  <documentation>Module Name.</documentation>
  <label>ModuleName:</label>
  <property>moduleName</property>
  <required>1</required>
  <type>entry</type>
  <value></value>
</formElement>
<formElement>
  <documentation>Module Type.</documentation>
  <label>Module Type:</label>
  <property>moduleType</property>
  <required>1</required>
  <type>entry</type>
  <value></value>
</formElement>
<formElement>
  <documentation>Current Level.</documentation>
  <label>Current Level:</label>
  <property>currentLevel</property>
  <required>1</required>
  <type>entry</type>
  <value></value>
</formElement>
<formElement>
  <documentation>Starting Level.</documentation>
  <label>Starting Level:</label>
  <property>startingLevel</property>
  <required>1</required>
  <type>entry</type>
  <value></value>
</formElement>
<formElement>
  <documentation>Generate Sequence.</documentation>
  <label>Generate Sequence:</label>
  <property>generateSequence</property>
  <required>0</required>
  <type>entry</type>
  <value></value>
</formElement>
<formElement>
  <documentation>SQL.</documentation>
  <label>SQL:</label>
  <property>sql</property>
  <required>0</required>
  <type>entry</type>
  <value></value>
</formElement>
<formElement>
  <documentation>IMS.</documentation>
  <label>IMS:</label>
  <property>ims</property>
  <required>0</required>
  <type>entry</type>
  <value></value>
</formElement>
<formElement>
  <documentation>CICS.</documentation>
  <label>CICS:</label>
  <property>cics</property>
  <required>0</required>
  <type>entry</type>
  <value></value>
</formElement>
<formElement>
  <documentation>Program.</documentation>
  <label>Program:</label>
  <property>program</property>
  <required>0</required>
  <type>entry</type>
  <value></value>
</formElement>
<formElement>
  <documentation>Results will be saved into this property/property sheet.</documentation>
  <label>Property sheet name for results:</label>
  <property>resultPropertySheet</property>
  <required>1</required>
  <type>entry</type>
  <value>/myJob/loadTask</value>
</formElement>
<formElement>
  <documentation>Format to save request results.</documentation>
  <label>Result format:</label>
  <option>
    <name>json</name>
    <value>json</value>
  </option>
  <option>
    <name>propertySheet</name>
    <value>propertySheet</value>
  </option>
  <property>resultFormat</property>
  <required>1</required>
  <type>select</type>
</formElement>

</editor>