<!-- Was generated by RESTPluginWizard -->
<editor>
<help>/commander/pages/EC-ISPW-2.0.0.8/help?s=Administration&amp;ss=Plugins#PromoteAssignment</help>
<formElement>
  <documentation>Previously defined plugin configuration.</documentation>
  <label>Configuration name:</label>
  <property>config</property>
  <propertyReference>/plugins/EC-ISPW-2.0.0.8/project/ec_plugin_cfgs</propertyReference>
  <required>1</required>
  <type>entry</type>
</formElement>
<formElement>
  <documentation>Assignment ID.</documentation>
  <label>Assignment ID:</label>
  <property>assignmentId</property>
  <required>1</required>
  <type>entry</type>
  <value></value>
</formElement>
<formElement>
  <documentation>Level.</documentation>
  <label>Level:</label>
  <property>level</property>
  <required>1</required>
  <type>entry</type>
  <value></value>
</formElement>
<formElement>
  <documentation>Optional, S for standard, I for incidental, or E for emergency. Default value of S.</documentation>
  <label>Change Type:</label>
  <option>
    <name>Standard (S)</name>
    <value>S</value>
  </option>
  <option>
    <name>Incidental (I)</name>
    <value>I</value>
  </option>
  <option>
    <name>Emergency (E)</name>
    <value>E</value>
  </option>
  <property>changeType</property>
  <required>0</required>
  <type>select</type>
  <value>S</value>
</formElement>
<formElement>
  <documentation>Optional, I for immediate execution or at start date/time, H to create request in hold. Default is I.</documentation>
  <label>Execution Status:</label>
  <option>
    <name>Immediate (I)</name>
    <value>I</value>
  </option>
  <option>
    <name>Hold (H)</name>
    <value>H</value>
  </option>
  <property>executionStatus</property>
  <required>0</required>
  <type>select</type>
  <value></value>
</formElement>
<formElement>
  <documentation>Required, see ISPW administrator for valid values.</documentation>
  <label>Runtime Configuration:</label>
  <property>runtimeConfiguration</property>
  <required>1</required>
  <type>entry</type>
  <value></value>
</formElement>
<formElement>
  <checkedValue>true</checkedValue>
  <documentation>Optional, if checked, this will use the automatic deploy if that has been set up by the ISPW administrator, otherwise it defaults to not doing auto-deploy.</documentation>
  <label>Auto-Deploy:</label>
  <property>autoDeploy</property>
  <required>0</required>
  <type>checkbox</type>
  <uncheckedValue>false</uncheckedValue>
  <value>false</value>
</formElement>
<formElement>
  <documentation>Optional, global custom headers used for all callbacks. Use &quot;Header=Value&quot; format.</documentation>
  <label>HTTP Headers in format: &quot;Header=Value&quot;:</label>
  <property>httpHeaders</property>
  <required>0</required>
  <type>textarea</type>
  <value></value>
</formElement>
<formElement>
  <attachedAsParameterToStep>Promote assignment</attachedAsParameterToStep>
  <documentation>Optional, global overide credentials used for all callbacks.</documentation>
  <label>Global Credentials for Callbacks:</label>
  <property>callbackCredential</property>
  <required>0</required>
  <type>credential</type>
  <value></value>
</formElement>
<formElement>
  <documentation>Event array, should contain at least 1 member. Uses JSON format, described in Compuware ISPW REST API Guide. Useful values can be found in /plugins/EC-ISPW/project/ec_callback_job etc. If this parameter is left empty, the plugin procedure will handle the callback itself, and the procedure call will then be synchronous: it won't return until a callback is received (or it times out).</documentation>
  <expansionDeferred>true</expansionDeferred>
  <label>Event array in JSON format for asynchronous callback:</label>
  <property>events</property>
  <required>0</required>
  <type>textarea</type>
  <value></value>
</formElement>
<formElement>
  <documentation>Results will be saved into this property/property sheet.</documentation>
  <label>Property sheet name for results:</label>
  <property>resultPropertySheet</property>
  <required>1</required>
  <type>entry</type>
  <value>/myJob/promoteResult</value>
</formElement>
<formElement>
  <documentation>Format to save request results.</documentation>
  <label>Result format:</label>
  <option>
    <name>json</name>
    <value>json</value>
  </option>
  <option>
    <name>propertySheet</name>
    <value>propertySheet</value>
  </option>
  <property>resultFormat</property>
  <required>1</required>
  <type>select</type>
</formElement>

</editor>