<!-- Was generated by RESTPluginWizard -->
<editor>
<help>/commander/pages/EC-ISPW-1.0.0/help?s=Administration&amp;ss=Plugins#CreateRelease</help>
<formElement>
  <documentation>Previously defined plugin configuration.</documentation>
  <label>Configuration name:</label>
  <property>config</property>
  <propertyReference>/plugins/EC-ISPW-1.0.0/project/ec_plugin_cfgs</propertyReference>
  <required>1</required>
  <type>entry</type>
</formElement>
<formElement>
  <documentation>srid.</documentation>
  <label>Srid:</label>
  <property>srid</property>
  <required>1</required>
  <type>entry</type>
  <value></value>
</formElement>
<formElement>
  <documentation>Stream.</documentation>
  <label>Stream:</label>
  <property>stream:</property>
  <required>1</required>
  <type>entry</type>
  <value></value>
</formElement>
<formElement>
  <documentation>Description.</documentation>
  <label>Description:</label>
  <property>description</property>
  <required>1</required>
  <type>entry</type>
  <value></value>
</formElement>
<formElement>
  <documentation>Can only be used if releasePrefix is not set, one must be used.</documentation>
  <label>Release ID:</label>
  <property>releaseId</property>
  <required>1</required>
  <type>entry</type>
  <value></value>
</formElement>
<formElement>
  <documentation>Can only be used if releaseId is not set, one must be used.</documentation>
  <label>Release Prefix:</label>
  <property>releasePrefix</property>
  <required>1</required>
  <type>entry</type>
  <value></value>
</formElement>
<formElement>
  <documentation>Owner.</documentation>
  <label>Owner:</label>
  <property>owner1</property>
  <required>0</required>
  <type>entry</type>
  <value></value>
</formElement>
<formElement>
  <documentation>Reference Number.</documentation>
  <label>Reference Number:</label>
  <property>referenceNumber</property>
  <required>0</required>
  <type>entry</type>
  <value></value>
</formElement>
<formElement>
  <documentation>Results will be saved into this property/property sheet.</documentation>
  <label>Property sheet name for results:</label>
  <property>resultPropertySheet</property>
  <required>1</required>
  <type>entry</type>
  <value>/myJob/release</value>
</formElement>
<formElement>
  <documentation>Format to save request results.</documentation>
  <label>Result format:</label>
  <option>
    <name>json</name>
    <value>json</value>
  </option>
  <option>
    <name>propertySheet</name>
    <value>propertySheet</value>
  </option>
  <property>resultFormat</property>
  <required>1</required>
  <type>select</type>
</formElement>

</editor>