{
   "options" : {
      "noEmptyString" : "true"
   },
   "Create release" : {
      "resultProperty" : {
         "show" : "true",
         "format" : [
            "json",
            "propertySheet"
         ],
         "default" : "/myJob/release"
      },
      "name" : "Create Release",
      "description" : "Creates a Release.",
      "stepName" : "Create release",
      "bodyContentType" : "json",
      "canSkipAuth" : "false",
      "parameters" : [
         {
            "required" : "1",
            "in" : "body",
            "documentation" : "Application name for the release.",
            "label" : "Application",
            "type" : "entry",
            "property" : "application"
         },
         {
            "required" : "1",
            "in" : "body",
            "documentation" : "Stream name for the application.",
            "label" : "Stream",
            "type" : "entry",
            "property" : "stream"
         },
         {
            "required" : "1",
            "in" : "body",
            "documentation" : "Release description.",
            "label" : "Description",
            "type" : "entry",
            "property" : "description"
         },
         {
            "required" : "0",
            "in" : "body",
            "documentation" : "Can only be used if releasePrefix is not set, one must be used.",
            "label" : "Release ID",
            "type" : "entry",
            "property" : "releaseId"
         },
         {
            "required" : "0",
            "in" : "body",
            "documentation" : "Can only be used if releaseId is not set, one must be used.",
            "label" : "Release Prefix",
            "type" : "entry",
            "property" : "releasePrefix"
         },
         {
            "required" : "0",
            "in" : "body",
            "documentation" : "Release owner.",
            "label" : "Owner",
            "type" : "entry",
            "property" : "_owner"
         },
         {
            "required" : "0",
            "in" : "body",
            "documentation" : "Release reference number.",
            "label" : "Reference Number",
            "type" : "entry",
            "property" : "referenceNumber"
         }
      ],
      "fields" : [
         "application",
         "stream",
         "description",
         "releaseId",
         "releasePrefix",
         "_owner",
         "referenceNumber"
      ],
      "hasConfig" : "true",
      "basicAuth" : "false",
      "method" : "POST",
      "endpoint" : "#{{instance}}/ispw/#{{srid}}/releases",
      "attachCredentials" : "true"
   },
   "Deploy assignment" : {
      "resultProperty" : {
         "show" : "true",
         "format" : [
            "json",
            "propertySheet"
         ],
         "default" : "/myJob/deployResult"
      },
      "name" : "Deploy Assignment",
      "description" : "Deploys an Assignment.",
      "stepName" : "Deploy assignment",
      "bodyContentType" : "json",
      "canSkipAuth" : "false",
      "parameters" : [
         {
            "required" : "1",
            "documentation" : "Assignment ID",
            "label" : "Assignment ID",
            "type" : "entry",
            "property" : "assignmentId"
         },
         {
            "required" : "1",
            "in" : "query",
            "documentation" : "Level.",
            "label" : "Level",
            "type" : "entry",
            "property" : "level"
         },
         {
            "required" : "0",
            "value" : "S",
            "in" : "body",
            "documentation" : "Optional, S for standard, I for incidental, or E for emergency. Default value of S",
            "option" : [
               {
                  "value" : "S",
                  "name" : "Standard (S)"
               },
               {
                  "value" : "I",
                  "name" : "Incidental (I)"
               },
               {
                  "value" : "E",
                  "name" : "Emergency (E)"
               }
            ],
            "label" : "Change Type",
            "type" : "select",
            "property" : "changeType"
         },
         {
            "required" : "0",
            "in" : "body",
            "documentation" : "Optional, I for immediate execution or at start date/time, H to create request in hold. Default is I",
            "option" : [
               {
                  "value" : "I",
                  "name" : "Immediate (I)"
               },
               {
                  "value" : "H",
                  "name" : "Hold (H)"
               }
            ],
            "label" : "Execution Status",
            "type" : "select",
            "property" : "executionStatus"
         },
         {
            "required" : "1",
            "in" : "body",
            "documentation" : "Required, see ISPW administrator for valid values",
            "label" : "Runtime Configuration",
            "type" : "entry",
            "property" : "runtimeConfiguration"
         },
         {
            "required" : "0",
            "in" : "body",
            "documentation" : "Optional, allows you to override the Environments configured for Deploy at that level. If you wish to Deploy to only certain Environments, you can list them here.",
            "label" : "DpEnvLst",
            "type" : "entry",
            "property" : "dpenvlst"
         },
         {
            "required" : "0",
            "in" : "body",
            "documentation" : "Optional, allows you to specify a specific System for the Deploy.",
            "label" : "System",
            "type" : "entry",
            "property" : "system"
         },
         {
            "required" : "0",
            "documentation" : "Optional, global custom headers used for all callbacks. Use \"Header=Value\" format.",
            "label" : "HTTP Headers in format: \"Header=Value\"",
            "type" : "textarea",
            "property" : "httpHeaders"
         },
         {
            "required" : "0",
            "documentation" : "Optional, global overide credentials used for all callbacks",
            "type" : "credential",
            "label" : "Global Credentials for Callbacks",
            "property" : "callbackCredential"
         },
         {
            "required" : "0",
            "expansionDeferred" : "false",
            "documentation" : "Event array, should contain at least 1 member. Uses JSON format, described in Compuware ISPW REST API Guide. Useful values can be found in /plugins/EC-ISPW/project/ec_callback_job etc. If this parameter is left empty, the plugin procedure will handle the callback itself, and the procedure call will then be synchronous: it won't return until a callback is received (or it times out).",
            "label" : "Event array in JSON format for asynchronous callback",
            "type" : "textarea",
            "property" : "events"
         }
      ],
      "fields" : [
         "assignmentId",
         "level",
         "changeType",
         "executionStatus",
         "runtimeConfiguration",
         "dpenvlst",
         "system",
         "httpHeaders",
         "callbackCredential",
         "events"
      ],
      "hasConfig" : "true",
      "basicAuth" : "false",
      "method" : "POST",
      "endpoint" : "#{{instance}}/ispw/#{{srid}}/assignments/#{assignmentId}/tasks/deploy",
      "attachCredentials" : "true"
   },
   "Generate tasks in assignment" : {
      "resultProperty" : {
         "show" : "true",
         "format" : [
            "json",
            "propertySheet"
         ],
         "default" : "/myJob/generateAssignmentTasks"
      },
      "name" : "Generate Tasks in Assignment",
      "description" : "Runs generate for the Tasks in Assignment.",
      "stepName" : "Generate tasks in assignment",
      "bodyContentType" : "json",
      "canSkipAuth" : "false",
      "parameters" : [
         {
            "required" : "1",
            "documentation" : "Assignment Id.",
            "label" : "Assignment Id",
            "type" : "entry",
            "property" : "assignmentId"
         },
         {
            "noEmptyString" : "true",
            "required" : "1",
            "in" : "query",
            "documentation" : "Level.",
            "label" : "Level",
            "type" : "entry",
            "property" : "level"
         },
         {
            "required" : "1",
            "in" : "body",
            "documentation" : "Required, see ISPW administrator for valid values.",
            "label" : "Runtime Configuration",
            "type" : "entry",
            "property" : "runtimeConfiguration"
         },
         {
            "checkedValue" : "true",
            "value" : "false",
            "uncheckedValue" : "false",
            "initiallyChecked" : "0",
            "required" : "0",
            "in" : "body",
            "documentation" : "Optional, if checked, this will use the automatic deploy if that has been set up by the ISPW administrator, otherwise it defaults to not doing auto-deploy.",
            "type" : "checkbox",
            "label" : "Auto-Deploy",
            "property" : "autoDeploy"
         },
         {
            "required" : "0",
            "documentation" : "Optional, global custom headers used for all callbacks. Use \"Header=Value\" format.",
            "label" : "HTTP Headers in format: \"Header=Value\"",
            "type" : "textarea",
            "property" : "httpHeaders"
         },
         {
            "required" : "0",
            "documentation" : "Optional, global overide credentials used for all callbacks",
            "type" : "credential",
            "label" : "Global Credentials for Callbacks",
            "property" : "callbackCredential"
         },
         {
            "required" : "0",
            "expansionDeferred" : "false",
            "documentation" : "Event array, should contain at least 1 member. Uses JSON format, described in Compuware ISPW REST API Guide. Useful values can be found in /plugins/EC-ISPW/project/ec_callback_job etc. If this parameter is left empty, the plugin procedure will handle the callback itself, and the procedure call will then be synchronous: it won't return until a callback is received (or it times out).",
            "label" : "Event array in JSON format for asynchronous callback",
            "type" : "textarea",
            "property" : "events"
         }
      ],
      "fields" : [
         "assignmentId",
         "level",
         "runtimeConfiguration",
         "autoDeploy",
         "httpHeaders",
         "callbackCredential",
         "events"
      ],
      "hasConfig" : "true",
      "basicAuth" : "false",
      "method" : "POST",
      "endpoint" : "#{{instance}}/ispw/#{{srid}}/assignments/#{assignmentId}/tasks/generate",
      "attachCredentials" : "true"
   },
   "Get assignment task information" : {
      "resultProperty" : {
         "show" : "true",
         "format" : [
            "json",
            "propertySheet"
         ],
         "default" : "/myJob/assignmentTask"
      },
      "name" : "Get Assignment Task Information",
      "description" : "Retrieves information about a Task in an Assignment.",
      "stepName" : "Get assignment task information",
      "bodyContentType" : "json",
      "canSkipAuth" : "true",
      "parameters" : [
         {
            "required" : "1",
            "documentation" : "Assignment Id.",
            "label" : "Assignment Id",
            "type" : "entry",
            "property" : "assignmentId"
         },
         {
            "required" : "1",
            "documentation" : "Task Id.",
            "label" : "Task Id",
            "type" : "entry",
            "property" : "taskId"
         }
      ],
      "fields" : [
         "assignmentId",
         "taskId"
      ],
      "hasConfig" : "true",
      "basicAuth" : "false",
      "method" : "GET",
      "endpoint" : "#{{instance}}/ispw/#{{srid}}/assignments/#{assignmentId}/tasks/#{taskId}",
      "attachCredentials" : "true"
   },
   "Load task" : {
      "resultProperty" : {
         "show" : "true",
         "format" : [
            "json",
            "propertySheet"
         ],
         "default" : "/myJob/loadTask"
      },
      "name" : "Load Task",
      "description" : "Loads a Task for the specified Assignment.",
      "stepName" : "Load task",
      "bodyContentType" : "json",
      "canSkipAuth" : "true",
      "parameters" : [
         {
            "required" : "1",
            "documentation" : "Assignment Id.",
            "label" : "Assignment Id",
            "type" : "entry",
            "property" : "assignmentId"
         },
         {
            "required" : "1",
            "in" : "body",
            "documentation" : "Stream name.",
            "label" : "Stream Name",
            "type" : "entry",
            "property" : "stream"
         },
         {
            "required" : "1",
            "in" : "body",
            "documentation" : "ISPW Application Id.",
            "label" : "Application ID",
            "type" : "entry",
            "property" : "application"
         },
         {
            "required" : "1",
            "in" : "body",
            "documentation" : "Module name.",
            "label" : "Module Name",
            "type" : "entry",
            "property" : "moduleName"
         },
         {
            "required" : "1",
            "in" : "body",
            "documentation" : "Module Type.",
            "label" : "Module Type",
            "type" : "entry",
            "property" : "moduleType"
         },
         {
            "required" : "1",
            "in" : "body",
            "documentation" : "Current Level.",
            "label" : "Current Level",
            "type" : "entry",
            "property" : "currentLevel"
         },
         {
            "required" : "1",
            "in" : "body",
            "documentation" : "Starting Level.",
            "label" : "Starting Level",
            "type" : "entry",
            "property" : "startingLevel"
         },
         {
            "required" : "0",
            "in" : "body",
            "documentation" : "Generate Sequence.",
            "label" : "Generate Sequence",
            "type" : "entry",
            "property" : "generateSequence"
         },
         {
            "required" : "0",
            "in" : "body",
            "documentation" : "SQL.",
            "label" : "SQL",
            "type" : "entry",
            "property" : "sql"
         },
         {
            "required" : "0",
            "in" : "body",
            "documentation" : "IMS.",
            "label" : "IMS",
            "type" : "entry",
            "property" : "ims"
         },
         {
            "required" : "0",
            "in" : "body",
            "documentation" : "CICS.",
            "label" : "CICS",
            "type" : "entry",
            "property" : "cics"
         },
         {
            "required" : "0",
            "in" : "body",
            "documentation" : "Program.",
            "label" : "Program",
            "type" : "entry",
            "property" : "program"
         },
         {
            "required" : "0",
            "in" : "body",
            "documentation" : "Option 1.",
            "label" : "Option 1",
            "type" : "entry",
            "property" : "option1"
         },
         {
            "required" : "0",
            "in" : "body",
            "documentation" : "Option 2.",
            "label" : "Option 2",
            "type" : "entry",
            "property" : "option2"
         },
         {
            "required" : "0",
            "in" : "body",
            "documentation" : "Option 3.",
            "label" : "Option 3",
            "type" : "entry",
            "property" : "option3"
         },
         {
            "required" : "0",
            "in" : "body",
            "documentation" : "Option 4.",
            "label" : "Option 4",
            "type" : "entry",
            "property" : "option4"
         },
         {
            "required" : "0",
            "in" : "body",
            "documentation" : "Option 5.",
            "label" : "Option 5",
            "type" : "entry",
            "property" : "option5"
         }
      ],
      "fields" : [
         "assignmentId",
         "stream",
         "application",
         "moduleName",
         "moduleType",
         "currentLevel",
         "startingLevel",
         "generateSequence",
         "sql",
         "ims",
         "cics",
         "program",
         "option1",
         "option2",
         "option3",
         "option4",
         "option5"
      ],
      "hasConfig" : "true",
      "basicAuth" : "false",
      "method" : "POST",
      "endpoint" : "#{{instance}}/ispw/#{{srid}}/assignments/#{assignmentId}/tasks",
      "attachCredentials" : "true"
   },
   "Get set information" : {
      "resultProperty" : {
         "show" : "true",
         "format" : [
            "json",
            "propertySheet"
         ],
         "default" : "/myJob/setInfo"
      },
      "name" : "Get Set Information",
      "description" : "Retrieves information about a Set.",
      "stepName" : "Get set information",
      "bodyContentType" : "json",
      "canSkipAuth" : "false",
      "parameters" : [
         {
            "required" : "1",
            "documentation" : "Set ID",
            "label" : "Set ID",
            "type" : "entry",
            "property" : "setId"
         }
      ],
      "fields" : [
         "setId"
      ],
      "hasConfig" : "true",
      "basicAuth" : "false",
      "method" : "GET",
      "endpoint" : "#{{instance}}/ispw/#{{srid}}/sets/#{setId}",
      "attachCredentials" : "true"
   },
   "Get assignment task list" : {
      "resultProperty" : {
         "show" : "true",
         "format" : [
            "json",
            "propertySheet"
         ],
         "default" : "/myJob/assignmentTasks"
      },
      "name" : "Get Assignment Task List",
      "description" : "Retrieves the Task list for an Assignment.",
      "stepName" : "Get assignment task list",
      "bodyContentType" : "json",
      "canSkipAuth" : "true",
      "parameters" : [
         {
            "required" : "1",
            "documentation" : "Assignment Id.",
            "label" : "Assignment Id",
            "type" : "entry",
            "property" : "assignmentId"
         },
         {
            "required" : "0",
            "in" : "query",
            "documentation" : "Level.",
            "label" : "Level",
            "type" : "entry",
            "property" : "level"
         }
      ],
      "fields" : [
         "assignmentId",
         "level"
      ],
      "hasConfig" : "true",
      "basicAuth" : "false",
      "method" : "GET",
      "endpoint" : "#{{instance}}/ispw/#{{srid}}/assignments/#{assignmentId}/tasks",
      "attachCredentials" : "true"
   },
   "Create assignment" : {
      "resultProperty" : {
         "show" : "true",
         "format" : [
            "json",
            "propertySheet"
         ],
         "default" : "/myJob/createAssignment"
      },
      "name" : "Create Assignment",
      "description" : "Creates an Assignment.",
      "stepName" : "Create assignment",
      "bodyContentType" : "json",
      "canSkipAuth" : "false",
      "parameters" : [
         {
            "required" : "1",
            "in" : "body",
            "documentation" : "Stream name.",
            "label" : "Stream Name",
            "type" : "entry",
            "property" : "stream"
         },
         {
            "required" : "1",
            "in" : "body",
            "documentation" : "ISPW Application Id.",
            "label" : "Application ID",
            "type" : "entry",
            "property" : "application"
         },
         {
            "required" : "1",
            "in" : "body",
            "documentation" : "Default Path.",
            "label" : "Default Path",
            "type" : "entry",
            "property" : "defaultPath"
         },
         {
            "required" : "1",
            "in" : "body",
            "documentation" : "Assignment Description.",
            "label" : "Description",
            "type" : "entry",
            "property" : "description"
         },
         {
            "required" : "1",
            "in" : "body",
            "documentation" : "Owner.",
            "label" : "Owner",
            "type" : "entry",
            "property" : "_owner"
         },
         {
            "required" : "1",
            "in" : "body",
            "documentation" : "Assignment Prefix.",
            "label" : "Assignment Prefix",
            "type" : "entry",
            "property" : "assignmentPrefix"
         },
         {
            "required" : "0",
            "in" : "body",
            "documentation" : "Reference Number.",
            "label" : "Reference Number",
            "type" : "entry",
            "property" : "referenceNumber"
         },
         {
            "required" : "0",
            "in" : "body",
            "documentation" : "Release Id.",
            "label" : "Release Id",
            "type" : "entry",
            "property" : "releaseId"
         },
         {
            "required" : "0",
            "in" : "body",
            "documentation" : "User Tag.",
            "label" : "User Tag",
            "type" : "entry",
            "property" : "userTag"
         }
      ],
      "fields" : [
         "stream",
         "application",
         "defaultPath",
         "description",
         "_owner",
         "assignmentPrefix",
         "referenceNumber",
         "releaseId",
         "userTag"
      ],
      "hasConfig" : "true",
      "basicAuth" : "false",
      "method" : "POST",
      "endpoint" : "#{{instance}}/ispw/#{{srid}}/assignments",
      "attachCredentials" : "true"
   },
   "Get release information" : {
      "resultProperty" : {
         "show" : "true",
         "format" : [
            "json",
            "propertySheet"
         ],
         "default" : "/myJob/releaseInfo"
      },
      "name" : "Get Release Information",
      "description" : "Retrieves information about a Release.",
      "stepName" : "Get release information",
      "bodyContentType" : "json",
      "canSkipAuth" : "false",
      "parameters" : [
         {
            "required" : "1",
            "documentation" : "Release ID.",
            "label" : "Release ID",
            "type" : "entry",
            "property" : "releaseId"
         }
      ],
      "fields" : [
         "releaseId"
      ],
      "hasConfig" : "true",
      "basicAuth" : "false",
      "method" : "GET",
      "endpoint" : "#{{instance}}/ispw/#{{srid}}/releases/#{releaseId}",
      "attachCredentials" : "true"
   },
   "Get assignment information" : {
      "resultProperty" : {
         "show" : "true",
         "format" : [
            "json",
            "propertySheet"
         ],
         "default" : "/myJob/assignment"
      },
      "name" : "Get Assignment Information",
      "description" : "Retrieves information about an Assignment.",
      "stepName" : "Get assignment information",
      "bodyContentType" : "json",
      "canSkipAuth" : "true",
      "parameters" : [
         {
            "required" : "1",
            "documentation" : "Assignment Id.",
            "label" : "Assignment Id",
            "type" : "entry",
            "property" : "assignmentId"
         }
      ],
      "fields" : [
         "assignmentId"
      ],
      "hasConfig" : "true",
      "basicAuth" : "false",
      "method" : "GET",
      "endpoint" : "#{{instance}}/ispw/#{{srid}}/assignments/#{assignmentId}/",
      "attachCredentials" : "true"
   },
   "Promote release" : {
      "resultProperty" : {
         "show" : "true",
         "format" : [
            "json",
            "propertySheet"
         ],
         "default" : "/myJob/promoteResult"
      },
      "name" : "Promote Release",
      "description" : "Promotes a Release.",
      "stepName" : "Promote release",
      "bodyContentType" : "json",
      "canSkipAuth" : "false",
      "parameters" : [
         {
            "required" : "1",
            "documentation" : "Release ID",
            "label" : "Release ID",
            "type" : "entry",
            "property" : "releaseId"
         },
         {
            "required" : "1",
            "in" : "query",
            "documentation" : "Release level.",
            "label" : "Level",
            "type" : "entry",
            "property" : "level"
         },
         {
            "required" : "0",
            "value" : "S",
            "in" : "body",
            "documentation" : "Optional, S for standard, I for incidental, or E for emergency. Default value of S",
            "option" : [
               {
                  "value" : "S",
                  "name" : "Standard (S)"
               },
               {
                  "value" : "I",
                  "name" : "Incidental (I)"
               },
               {
                  "value" : "E",
                  "name" : "Emergency (E)"
               }
            ],
            "label" : "Change Type",
            "type" : "select",
            "property" : "changeType"
         },
         {
            "required" : "0",
            "in" : "body",
            "documentation" : "Optional, I for immediate execution or at start date/time, H to create request in hold. Default is I",
            "option" : [
               {
                  "value" : "I",
                  "name" : "Immediate (I)"
               },
               {
                  "value" : "H",
                  "name" : "Hold (H)"
               }
            ],
            "label" : "Execution Status",
            "type" : "select",
            "property" : "executionStatus"
         },
         {
            "required" : "1",
            "in" : "body",
            "documentation" : "Required, see ISPW administrator for valid values",
            "label" : "Runtime Configuration",
            "type" : "entry",
            "property" : "runtimeConfiguration"
         },
         {
            "checkedValue" : "true",
            "value" : "false",
            "uncheckedValue" : "false",
            "initiallyChecked" : "0",
            "required" : "0",
            "in" : "body",
            "documentation" : "Optional, if checked, this will use the automatic deploy if that has been set up by the ISPW administrator, otherwise it defaults to not doing auto-deploy.",
            "type" : "checkbox",
            "label" : "Auto-Deploy",
            "property" : "autoDeploy"
         },
         {
            "required" : "0",
            "documentation" : "Optional, global custom headers used for all callbacks. Use \"Header=Value\" format.",
            "label" : "HTTP Headers in format: \"Header=Value\"",
            "type" : "textarea",
            "property" : "httpHeaders"
         },
         {
            "required" : "0",
            "documentation" : "Optional, global overide credentials used for all callbacks",
            "type" : "credential",
            "label" : "Global Credentials for Callbacks",
            "property" : "callbackCredential"
         },
         {
            "required" : "0",
            "expansionDeferred" : "false",
            "documentation" : "Event array, should contain at least 1 member. Uses JSON format, described in Compuware ISPW REST API Guide. Useful values can be found in /plugins/EC-ISPW/project/ec_callback_job etc. If this parameter is left empty, the plugin procedure will handle the callback itself, and the procedure call will then be synchronous: it won't return until a callback is received (or it times out).",
            "label" : "Event array in JSON format for asynchronous callback",
            "type" : "textarea",
            "property" : "events"
         }
      ],
      "fields" : [
         "releaseId",
         "level",
         "changeType",
         "executionStatus",
         "runtimeConfiguration",
         "autoDeploy",
         "httpHeaders",
         "callbackCredential",
         "events"
      ],
      "hasConfig" : "true",
      "basicAuth" : "false",
      "method" : "POST",
      "endpoint" : "#{{instance}}/ispw/#{{srid}}/releases/#{releaseId}/tasks/promote",
      "attachCredentials" : "true"
   },
   "Generate tasks in release" : {
      "resultProperty" : {
         "show" : "true",
         "format" : [
            "json",
            "propertySheet"
         ],
         "default" : "/myJob/generateReleaseTasks"
      },
      "name" : "Generate Tasks in Release",
      "description" : "Runs generate for the Tasks in Release.",
      "stepName" : "Generate tasks in release",
      "bodyContentType" : "json",
      "canSkipAuth" : "false",
      "parameters" : [
         {
            "required" : "1",
            "documentation" : "Release ID",
            "label" : "Release ID",
            "type" : "entry",
            "property" : "releaseId"
         },
         {
            "noEmptyString" : "true",
            "required" : "1",
            "in" : "query",
            "documentation" : "Level.",
            "label" : "Level",
            "type" : "entry",
            "property" : "level"
         },
         {
            "required" : "1",
            "in" : "body",
            "documentation" : "Required, see ISPW administrator for valid values.",
            "label" : "Runtime Configuration",
            "type" : "entry",
            "property" : "runtimeConfiguration"
         },
         {
            "required" : "0",
            "documentation" : "Optional, global custom headers used for all callbacks. Use \"Header=Value\" format.",
            "label" : "HTTP Headers in format: \"Header=Value\"",
            "type" : "textarea",
            "property" : "httpHeaders"
         },
         {
            "required" : "0",
            "documentation" : "Optional, global overide credentials used for all callbacks",
            "type" : "credential",
            "label" : "Global Credentials for Callbacks",
            "property" : "callbackCredential"
         },
         {
            "required" : "0",
            "expansionDeferred" : "false",
            "documentation" : "Event array, should contain at least 1 member. Uses JSON format, described in Compuware ISPW REST API Guide. Useful values can be found in /plugins/EC-ISPW/project/ec_callback_job etc. If this parameter is left empty, the plugin procedure will handle the callback itself, and the procedure call will then be synchronous: it won't return until a callback is received (or it times out).",
            "label" : "Event array in JSON format for asynchronous callback",
            "type" : "textarea",
            "property" : "events"
         }
      ],
      "fields" : [
         "releaseId",
         "level",
         "runtimeConfiguration",
         "httpHeaders",
         "callbackCredential",
         "events"
      ],
      "hasConfig" : "true",
      "basicAuth" : "false",
      "method" : "POST",
      "endpoint" : "#{{instance}}/ispw/#{{srid}}/releases/#{releaseId}/tasks/generate",
      "attachCredentials" : "true"
   },
   "Get release task information" : {
      "resultProperty" : {
         "show" : "true",
         "format" : [
            "json",
            "propertySheet"
         ],
         "default" : "/myJob/releaseTask"
      },
      "name" : "Get Release Task Information",
      "description" : "Retrieves information about a Task in a Release.",
      "stepName" : "Get release task information",
      "bodyContentType" : "json",
      "canSkipAuth" : "true",
      "parameters" : [
         {
            "required" : "1",
            "documentation" : "Release ID",
            "label" : "Release ID",
            "type" : "entry",
            "property" : "releaseId"
         },
         {
            "required" : "1",
            "documentation" : "Task Id.",
            "label" : "Task Id",
            "type" : "entry",
            "property" : "taskId"
         }
      ],
      "fields" : [
         "releaseId",
         "taskId"
      ],
      "hasConfig" : "true",
      "basicAuth" : "false",
      "method" : "GET",
      "endpoint" : "#{{instance}}/ispw/#{{srid}}/releases/#{releaseId}/tasks/#{taskId}",
      "attachCredentials" : "true"
   },
   "Promote assignment" : {
      "resultProperty" : {
         "show" : "true",
         "format" : [
            "json",
            "propertySheet"
         ],
         "default" : "/myJob/promoteResult"
      },
      "name" : "Promote Assignment",
      "description" : "Promotes an Assignment.",
      "stepName" : "Promote assignment",
      "bodyContentType" : "json",
      "canSkipAuth" : "false",
      "parameters" : [
         {
            "required" : "1",
            "documentation" : "Assignment ID",
            "label" : "Assignment ID",
            "type" : "entry",
            "property" : "assignmentId"
         },
         {
            "required" : "1",
            "in" : "query",
            "documentation" : "Level.",
            "label" : "Level",
            "type" : "entry",
            "property" : "level"
         },
         {
            "required" : "0",
            "value" : "S",
            "in" : "body",
            "documentation" : "Optional, S for standard, I for incidental, or E for emergency. Default value of S",
            "option" : [
               {
                  "value" : "S",
                  "name" : "Standard (S)"
               },
               {
                  "value" : "I",
                  "name" : "Incidental (I)"
               },
               {
                  "value" : "E",
                  "name" : "Emergency (E)"
               }
            ],
            "label" : "Change Type",
            "type" : "select",
            "property" : "changeType"
         },
         {
            "required" : "0",
            "in" : "body",
            "documentation" : "Optional, I for immediate execution or at start date/time, H to create request in hold. Default is I",
            "option" : [
               {
                  "value" : "I",
                  "name" : "Immediate (I)"
               },
               {
                  "value" : "H",
                  "name" : "Hold (H)"
               }
            ],
            "label" : "Execution Status",
            "type" : "select",
            "property" : "executionStatus"
         },
         {
            "required" : "1",
            "in" : "body",
            "documentation" : "Required, see ISPW administrator for valid values",
            "label" : "Runtime Configuration",
            "type" : "entry",
            "property" : "runtimeConfiguration"
         },
         {
            "checkedValue" : "true",
            "value" : "false",
            "uncheckedValue" : "false",
            "initiallyChecked" : "0",
            "required" : "0",
            "in" : "body",
            "documentation" : "Optional, if checked, this will use the automatic deploy if that has been set up by the ISPW administrator, otherwise it defaults to not doing auto-deploy.",
            "type" : "checkbox",
            "label" : "Auto-Deploy",
            "property" : "autoDeploy"
         },
         {
            "required" : "0",
            "documentation" : "Optional, global custom headers used for all callbacks. Use \"Header=Value\" format.",
            "label" : "HTTP Headers in format: \"Header=Value\"",
            "type" : "textarea",
            "property" : "httpHeaders"
         },
         {
            "required" : "0",
            "documentation" : "Optional, global overide credentials used for all callbacks",
            "type" : "credential",
            "label" : "Global Credentials for Callbacks",
            "property" : "callbackCredential"
         },
         {
            "required" : "0",
            "expansionDeferred" : "false",
            "documentation" : "Event array, should contain at least 1 member. Uses JSON format, described in Compuware ISPW REST API Guide. Useful values can be found in /plugins/EC-ISPW/project/ec_callback_job etc. If this parameter is left empty, the plugin procedure will handle the callback itself, and the procedure call will then be synchronous: it won't return until a callback is received (or it times out).",
            "label" : "Event array in JSON format for asynchronous callback",
            "type" : "textarea",
            "property" : "events"
         }
      ],
      "fields" : [
         "assignmentId",
         "level",
         "changeType",
         "executionStatus",
         "runtimeConfiguration",
         "autoDeploy",
         "httpHeaders",
         "callbackCredential",
         "events"
      ],
      "hasConfig" : "true",
      "basicAuth" : "false",
      "method" : "POST",
      "endpoint" : "#{{instance}}/ispw/#{{srid}}/assignments/#{assignmentId}/tasks/promote",
      "attachCredentials" : "true"
   },
   "Get release task list" : {
      "resultProperty" : {
         "show" : "true",
         "format" : [
            "json",
            "propertySheet"
         ],
         "default" : "/myJob/releaseTasks"
      },
      "name" : "Get Release Task List",
      "description" : "Retrieves the Task list for a Release.",
      "stepName" : "Get release task list",
      "bodyContentType" : "json",
      "canSkipAuth" : "true",
      "parameters" : [
         {
            "required" : "1",
            "documentation" : "Release ID",
            "label" : "Release ID",
            "type" : "entry",
            "property" : "releaseId"
         },
         {
            "required" : "0",
            "in" : "query",
            "documentation" : "Level.",
            "label" : "Level",
            "type" : "entry",
            "property" : "level"
         }
      ],
      "fields" : [
         "releaseId",
         "level"
      ],
      "hasConfig" : "true",
      "basicAuth" : "false",
      "method" : "GET",
      "endpoint" : "#{{instance}}/ispw/#{{srid}}/releases/#{releaseId}/tasks",
      "attachCredentials" : "true"
   },
   "Regress release" : {
      "resultProperty" : {
         "show" : "true",
         "format" : [
            "json",
            "propertySheet"
         ],
         "default" : "/myJob/regressResult"
      },
      "name" : "Regress Release",
      "description" : "Regresses a Release.",
      "stepName" : "Regress release",
      "bodyContentType" : "json",
      "canSkipAuth" : "false",
      "parameters" : [
         {
            "required" : "1",
            "documentation" : "Release ID",
            "label" : "Release ID",
            "type" : "entry",
            "property" : "releaseId"
         },
         {
            "required" : "1",
            "in" : "query",
            "documentation" : "Level.",
            "label" : "Level",
            "type" : "entry",
            "property" : "level"
         },
         {
            "required" : "0",
            "in" : "body",
            "documentation" : "Optional, S for standard, I for incidental, or E for emergency. Default value of S",
            "option" : [
               {
                  "value" : "S",
                  "name" : "Standard (S)"
               },
               {
                  "value" : "I",
                  "name" : "Incidental (I)"
               },
               {
                  "value" : "E",
                  "name" : "Emergency (E)"
               }
            ],
            "label" : "Change Type",
            "type" : "select",
            "property" : "changeType"
         },
         {
            "required" : "0",
            "in" : "body",
            "documentation" : "Optional, I for immediate execution or at start date/time, H to create request in hold. Default is I",
            "option" : [
               {
                  "value" : "I",
                  "name" : "Immediate (I)"
               },
               {
                  "value" : "H",
                  "name" : "Hold (H)"
               }
            ],
            "label" : "Execution Status",
            "type" : "select",
            "property" : "executionStatus"
         },
         {
            "required" : "1",
            "in" : "body",
            "documentation" : "Required, see ISPW administrator for valid values",
            "label" : "Runtime Configuration",
            "type" : "entry",
            "property" : "runtimeConfiguration"
         },
         {
            "required" : "0",
            "documentation" : "Optional, global custom headers used for all callbacks. Use \"Header=Value\" format.",
            "label" : "HTTP Headers in format: \"Header=Value\"",
            "type" : "textarea",
            "property" : "httpHeaders"
         },
         {
            "required" : "0",
            "documentation" : "Optional, global overide credentials used for all callbacks",
            "type" : "credential",
            "label" : "Global Credentials for Callbacks",
            "property" : "callbackCredential"
         },
         {
            "required" : "0",
            "expansionDeferred" : "false",
            "documentation" : "Event array, should contain at least 1 member. Uses JSON format, described in Compuware ISPW REST API Guide. Useful values can be found in /plugins/EC-ISPW/project/ec_callback_job etc. If this parameter is left empty, the plugin procedure will handle the callback itself, and the procedure call will then be synchronous: it won't return until a callback is received (or it times out).",
            "label" : "Event array in JSON format for asynchronous callback",
            "type" : "textarea",
            "property" : "events"
         }
      ],
      "fields" : [
         "releaseId",
         "level",
         "changeType",
         "executionStatus",
         "runtimeConfiguration",
         "httpHeaders",
         "callbackCredential",
         "events"
      ],
      "hasConfig" : "true",
      "basicAuth" : "false",
      "method" : "POST",
      "endpoint" : "#{{instance}}/ispw/#{{srid}}/releases/#{releaseId}/tasks/regress",
      "attachCredentials" : "true"
   },
   "Get set task list" : {
      "resultProperty" : {
         "show" : "true",
         "format" : [
            "json",
            "propertySheet"
         ],
         "default" : "/myJob/setTasks"
      },
      "name" : "Get Set Task List",
      "description" : "Retrieves the Task list for a Set.",
      "stepName" : "Get set task list",
      "bodyContentType" : "json",
      "canSkipAuth" : "false",
      "parameters" : [
         {
            "required" : "1",
            "documentation" : "Set ID",
            "label" : "Set ID",
            "type" : "entry",
            "property" : "setId"
         }
      ],
      "fields" : [
         "setId"
      ],
      "hasConfig" : "true",
      "basicAuth" : "false",
      "method" : "GET",
      "endpoint" : "#{{instance}}/ispw/#{{srid}}/sets/#{setId}/tasks",
      "attachCredentials" : "true"
   },
   "Deploy release" : {
      "resultProperty" : {
         "show" : "true",
         "format" : [
            "json",
            "propertySheet"
         ],
         "default" : "/myJob/deployResult"
      },
      "name" : "Deploy Release",
      "description" : "Deploys a Release.",
      "stepName" : "Deploy release",
      "bodyContentType" : "json",
      "canSkipAuth" : "false",
      "parameters" : [
         {
            "required" : "1",
            "documentation" : "Release ID",
            "label" : "Release ID",
            "type" : "entry",
            "property" : "releaseId"
         },
         {
            "required" : "1",
            "in" : "query",
            "documentation" : "Level.",
            "label" : "Level",
            "type" : "entry",
            "property" : "level"
         },
         {
            "required" : "0",
            "value" : "S",
            "in" : "body",
            "documentation" : "Optional, S for standard, I for incidental, or E for emergency. Default value of S",
            "option" : [
               {
                  "value" : "S",
                  "name" : "Standard (S)"
               },
               {
                  "value" : "I",
                  "name" : "Incidental (I)"
               },
               {
                  "value" : "E",
                  "name" : "Emergency (E)"
               }
            ],
            "label" : "Change Type",
            "type" : "select",
            "property" : "changeType"
         },
         {
            "required" : "0",
            "value" : "I",
            "in" : "body",
            "documentation" : "Optional, I for immediate execution or at start date/time, H to create request in hold. Default is I",
            "option" : [
               {
                  "value" : "I",
                  "name" : "Immediate (I)"
               },
               {
                  "value" : "H",
                  "name" : "Hold (H)"
               }
            ],
            "label" : "Execution Status",
            "type" : "select",
            "property" : "executionStatus"
         },
         {
            "required" : "1",
            "in" : "body",
            "documentation" : "Required, see ISPW administrator for valid values",
            "label" : "Runtime Configuration",
            "type" : "entry",
            "property" : "runtimeConfiguration"
         },
         {
            "required" : "0",
            "in" : "body",
            "documentation" : "Optional, allows you to override the Environments configured for Deploy at that level. If you wish to Deploy to only certain Environments, you can list them here.",
            "label" : "DpEnvLst",
            "type" : "entry",
            "property" : "dpenvlst"
         },
         {
            "required" : "0",
            "in" : "body",
            "documentation" : "Optional, allows you to specify a specific System for the Deploy.",
            "label" : "System",
            "type" : "entry",
            "property" : "system"
         },
         {
            "required" : "0",
            "documentation" : "Optional, global custom headers used for all callbacks. Use \"Header=Value\" format.",
            "label" : "HTTP Headers in format: \"Header=Value\"",
            "type" : "textarea",
            "property" : "httpHeaders"
         },
         {
            "required" : "0",
            "documentation" : "Optional, global overide credentials used for all callbacks",
            "type" : "credential",
            "label" : "Global Credentials for Callbacks",
            "property" : "callbackCredential"
         },
         {
            "required" : "0",
            "expansionDeferred" : "false",
            "documentation" : "Event array, should contain at least 1 member. Uses JSON format, described in Compuware ISPW REST API Guide. Useful values can be found in /plugins/EC-ISPW/project/ec_callback_job etc. If this parameter is left empty, the plugin procedure will handle the callback itself, and the procedure call will then be synchronous: it won't return until a callback is received (or it times out).",
            "label" : "Event array in JSON format for asynchronous callback",
            "type" : "textarea",
            "property" : "events"
         }
      ],
      "fields" : [
         "releaseId",
         "level",
         "changeType",
         "executionStatus",
         "runtimeConfiguration",
         "dpenvlst",
         "system",
         "httpHeaders",
         "callbackCredential",
         "events"
      ],
      "hasConfig" : "true",
      "basicAuth" : "false",
      "method" : "POST",
      "endpoint" : "#{{instance}}/ispw/#{{srid}}/releases/#{releaseId}/tasks/deploy",
      "attachCredentials" : "true"
   }
}
