<!-- Was generated by RESTPluginWizard -->
<editor>
<help>/commander/pages/EC-ISPW-1.0.0/help?s=Administration&amp;ss=Plugins#CreateAssignment</help>
<formElement>
  <documentation>Previously defined plugin configuration.</documentation>
  <label>Configuration name:</label>
  <property>config</property>
  <propertyReference>/plugins/EC-ISPW-1.0.0/project/ec_plugin_cfgs</propertyReference>
  <required>1</required>
  <type>entry</type>
</formElement>
<formElement>
  <documentation>ISPW Instance Id.</documentation>
  <label>Srid:</label>
  <property>srid</property>
  <required>1</required>
  <type>entry</type>
  <value></value>
</formElement>
<formElement>
  <documentation>ISPW Stream Name.</documentation>
  <label>Stream Name:</label>
  <property>stream</property>
  <required>1</required>
  <type>entry</type>
  <value></value>
</formElement>
<formElement>
  <documentation>ISPW Application Id.</documentation>
  <label>Application Id:</label>
  <property>application</property>
  <required>1</required>
  <type>entry</type>
  <value></value>
</formElement>
<formElement>
  <documentation>Assignment Description.</documentation>
  <label>Description:</label>
  <property>description</property>
  <required>1</required>
  <type>entry</type>
  <value></value>
</formElement>
<formElement>
  <documentation>Assignment Prefix.</documentation>
  <label>Assignment Prefix:</label>
  <property>assignmentPrefix</property>
  <required>1</required>
  <type>entry</type>
  <value></value>
</formElement>
<formElement>
  <documentation>Ref Number.</documentation>
  <label>Ref Number:</label>
  <property>refNumber</property>
  <required>0</required>
  <type>entry</type>
  <value></value>
</formElement>
<formElement>
  <documentation>Release.</documentation>
  <label>Release:</label>
  <property>release</property>
  <required>0</required>
  <type>entry</type>
  <value></value>
</formElement>
<formElement>
  <documentation>User Tag.</documentation>
  <label>User Tag:</label>
  <property>userTag</property>
  <required>0</required>
  <type>entry</type>
  <value></value>
</formElement>
<formElement>
  <documentation>Results will be saved into this property/property sheet.</documentation>
  <label>Property sheet name for results:</label>
  <property>resultPropertySheet</property>
  <required>1</required>
  <type>entry</type>
  <value>/myJob/createAssignment</value>
</formElement>
<formElement>
  <documentation>Format to save request results.</documentation>
  <label>Result format:</label>
  <option>
    <name>json</name>
    <value>json</value>
  </option>
  <option>
    <name>propertySheet</name>
    <value>propertySheet</value>
  </option>
  <property>resultFormat</property>
  <required>1</required>
  <type>select</type>
</formElement>

</editor>