
<editor>
<help>/commander/pages/EC-ISPW-2.0.0.8/help?s=Administration&amp;ss=Plugins#GetAssignmentTaskInformation</help>
<formElement>
  <documentation>Previously defined plugin configuration.</documentation>
  <label>Configuration name:</label>
  <property>config</property>
  <propertyReference>/plugins/EC-ISPW-2.0.0.8/project/ec_plugin_cfgs</propertyReference>
  <required>1</required>
  <type>entry</type>
</formElement>
<formElement>
  <documentation>Whether the tasks list an assignment or a release as their container.</documentation>
  <label>Container type:</label>
  <option>
    <name>assignment</name>
    <value>assignment</value>
  </option>
  <option>
    <name>release</name>
    <value>release</value>
  </option>
  <option>
    <name>set</name>
    <value>set</value>
  </option>
  <value>assignment</value>
  <property>containerType</property>
  <required>0</required>
  <type>select</type>
</formElement>
<formElement>
  <required>0</required>
  <type>textarea</type>
  <label>Set Tasks:</label>
  <property>setTasksJson</property>
  <documentation>Tasks from a Set in JSON format, e.g. <pre>{"tasks": [
      {
         "taskId" : "7E1B14795801",
         "assignment" : "PLAY000000",
         ...
      },
      {
         "taskId" : "7E1B148AC772",
         "assignment" : "PLAY000000",
         ...
      }
   ]}</pre>
  </documentation>
</formElement>
<formElement>
  <documentation>Results will be saved into this property/property sheet.</documentation>
  <label>Property sheet name for results:</label>
  <property>resultPropertySheet</property>
  <required>1</required>
  <type>entry</type>
  <value>/myJob/tasksInformation</value>
</formElement>
<formElement>
  <documentation>Format to save request results.</documentation>
  <label>Result format:</label>
  <option>
    <name>json</name>
    <value>json</value>
  </option>
  <option>
    <name>propertySheet</name>
    <value>propertySheet</value>
  </option>
  <property>resultFormat</property>
  <required>1</required>
  <type>select</type>
</formElement>

</editor>
